Player,ADP,Position
Ja'Marr Chase,1.0,WR
Bijan Robinson,2.6,RB
Saquon Barkley,2.8,RB
Justin Jefferson,4.8,WR
CeeDee Lamb,5.2,WR
Christian McCaffrey,9.4,RB
Amon-Ra St. Brown,9.4,WR
Derrick Henry,10.2,RB
Ashton Jeanty,10.6,RB
Josh Jacobs,16.8,RB
A.J. Brown,18.8,WR
Lamar Jackson,19.8,QB
Jonathan Taylor,20.4,RB
Josh Allen,21.2,QB
Trey McBride,28.0,TE
Tyreek Hill,30.4,WR
Tee Higgins,30.8,WR
Breece Hall,33.0,RB
Jalen Hurts,34.6,QB
Alvin Kamara,36.8,RB
Kenneth Walker III,38.0,RB
Garrett Wilson,38.2,WR
George Kittle,38.2,TE
Davante Adams,39.2,WR
Mike Evans,39.8,WR
Omarion Hampton,41.4,RB
Marvin Harrison Jr.,41.8,WR
Chuba Hubbard,45.0,RB
James Conner,47.2,RB
DJ Moore,49.0,WR
DK Metcalf,49.8,WR
Patrick Mahomes II,51.0,QB
Joe Mixon,55.8,RB
DeVonta Smith,56.0,WR
D'Andre Swift,57.4,RB
Xavier Worthy,57.6,WR
David Montgomery,58.6,RB
TreVeyon Henderson,59.6,RB
Travis Kelce,60.4,TE
Zay Flowers,61.2,WR
Baker Mayfield,62.2,QB
T.J. Hockenson,62.8,TE
Aaron Jones Sr.,63.8,RB
RJ Harvey,65.4,RB
Travis Hunter,65.4,WR
Tetairoa McMillan,66.2,WR
George Pickens,66.6,WR
Isiah Pacheco,66.8,RB
Calvin Ridley,68.0,WR
Bo Nix,70.0,QB
Kaleb Johnson,71.8,RB
Mark Andrews,73.6,TE
Tony Pollard,73.6,RB
Jaylen Waddle,75.8,WR
Jerry Jeudy,77.0,WR
Brian Robinson Jr.,81.6,RB
Chris Godwin,81.6,WR
Chris Olave,82.6,WR
Evan Engram,85.2,TE
Rome Odunze,85.8,WR
Kyler Murray,86.2,QB
David Njoku,87.0,TE
Stefon Diggs,87.6,WR
Cooper Kupp,88.0,WR
Deebo Samuel Sr.,88.2,WR
Tyrone Tracy Jr.,89.4,RB
Jordan Addison,89.4,WR
Jaylen Warren,93.2,RB
Jakobi Meyers,93.4,WR
Cam Skattebo,96.2,RB
Brock Purdy,101.6,QB
Travis Etienne Jr.,101.6,RB
Jared Goff,101.6,QB
Khalil Shakir,101.6,WR
Matthew Golden,101.8,WR
Quinshon Judkins,102.4,RB
Jauan Jennings,103.2,WR
Brandon Aubrey,104.4,K
Ricky Pearsall,105.2,WR
Javonte Williams,105.8,RB
Dak Prescott,106.2,QB
Denver Broncos,107.8,DST
Justin Fields,108.6,QB
Tyler Warren,110.0,TE
Tucker Kraft,112.4,TE
Rhamondre Stevenson,112.8,RB
Philadelphia Eagles,113.4,DST
Jayden Reed,114.0,WR
J.K. Dobbins,114.4,RB
Colston Loveland,115.6,TE
Caleb Williams,116.0,QB
Jordan Mason,118.4,RB
Najee Harris,118.4,RB
Emeka Egbuka,120.0,WR
Jonnu Smith,121.4,TE
Brandon Aiyuk,123.6,WR
Zach Charbonnet,123.8,RB
Josh Downs,124.2,WR
Cameron Dicker,124.8,K
Baltimore Ravens,125.6,DST
Keon Coleman,126.0,WR
Pittsburgh Steelers,127.4,DST
Michael Pittman Jr.,129.4,WR
Jake Bates,130.4,K
Jordan Love,130.6,QB
Dalton Kincaid,132.2,TE
Dallas Goedert,132.2,TE
Darnell Mooney,133.6,WR
Buffalo Bills,134.6,DST
C.J. Stroud,134.6,QB
Rachaad White,135.6,RB
Kyle Pitts Sr.,137.0,TE
Houston Texans,138.0,DST
Tyjae Spears,138.0,RB
Chase McLaughlin,138.4,K
Jake Ferguson,138.4,TE
Minnesota Vikings,140.0,DST
Austin Ekeler,140.4,RB
Drake Maye,141.2,QB
Tank Bigsby,142.6,RB
Jaydon Blue,144.4,RB
J.J. McCarthy,145.4,QB
Jayden Higgins,149.2,WR
Chris Boswell,150.6,K
Zach Ertz,152.8,TE
Rashid Shaheed,156.2,WR
Nick Chubb,156.8,RB
Tre' Harris,157.8,WR
Isaac Guerendo,158.6,RB
Ka'imi Fairbairn,160.0,K
Detroit Lions,161.2,DST
Marvin Mims Jr.,162.6,WR
Harrison Butker,162.6,K
Jake Elliott,163.0,K
Jerome Ford,164.0,RB
Trey Benson,164.4,RB
San Francisco 49ers,165.0,DST
Hunter Henry,165.6,TE
Bhayshul Tuten,166.6,RB
Trevor Lawrence,167.4,QB
Tyler Allgeier,167.6,RB
Tua Tagovailoa,169.6,QB
Marquise Brown,172.2,WR
Rashod Bateman,172.6,WR
Luther Burden III,172.6,WR
Kansas City Chiefs,173.6,DST
Cameron Ward,174.0,QB
Ray Davis,174.6,RB
Keenan Allen,174.8,WR
Christian Kirk,175.4,WR
Tyler Bass,176.4,K
Isaiah Likely,179.2,TE
Matthew Stafford,179.6,QB
Jack Bech,180.4,WR
Braelon Allen,180.6,RB
Michael Penix Jr.,181.2,QB
Jason Sanders,182.4,K
Dylan Sampson,184.2,RB
Adam Thielen,184.4,WR
Rico Dowdle,185.0,RB
Bryce Young,186.8,QB
Xavier Legette,187.4,WR
DeAndre Hopkins,188.3,WR
Chicago Bears,190.0,DST
Wil Lutz,190.2,K
Seattle Seahawks,191.0,DST
Jaylen Wright,191.2,RB
Matt Gay,191.8,K
Kyle Williams,195.2,WR
Tampa Bay Buccaneers,195.3,DST
Cincinnati Bengals,195.7,DST
Green Bay Packers,195.8,DST
Tyler Loop,195.8,K
Younghoe Koo,196.0,K
Kareem Hunt,196.2,RB
Washington Commanders,196.6,DST
Darren Waller,199.6,TE
Cairo Santos,201.0,K
Dallas Cowboys,201.2,DST
Cleveland Browns,202.3,DST
New York Giants,202.4,DST
Evan McPherson,204.8,K
New England Patriots,205.4,DST
Shedeur Sanders,205.7,QB
Jason Myers,206.5,K
Pat Freiermuth,206.6,TE
Jalen McMillan,206.8,WR
Sam Darnold,207.0,QB
Roschon Johnson,208.0,RB
Cam Little,208.3,K
Los Angeles Chargers,208.4,DST
Cade Otton,208.6,TE
Brandon McManus,209.3,K
Brenton Strange,209.6,TE
Wan'Dale Robinson,209.6,WR
Aaron Rodgers,210.0,QB
Chig Okonkwo,210.3,TE
Geno Smith,211.2,QB
Quentin Johnston,211.5,WR
Daniel Carlson,212.3,K
Cedric Tillman,213.6,WR
Los Angeles Rams,213.6,DST
DeMario Douglas,214.0,WR
Arizona Cardinals,215.2,DST
Romeo Doubs,215.8,WR
Joshua Palmer,215.8,WR
Anthony Richardson Sr.,216.6,QB
New York Jets,217.0,DST
Mike Gesicki,220.0,TE
Mason Taylor,221.3,TE
Atlanta Falcons,222.0,DST
Elijah Arroyo,223.5,TE
Blake Corum,223.7,RB
Indianapolis Colts,224.7,DST
Dont'e Thornton Jr.,225.3,WR
Miles Sanders,225.3,RB
Dalton Schultz,225.5,TE
Justice Hill,228.4,RB
Jaleel McLaughlin,231.0,RB
Samaje Perine,232.0,RB
Tyler Lockett,233.3,WR
Will Reichard,233.6,K
Jake Moody,234.6,K
Jaxson Dart,234.7,QB
MarShawn Lloyd,238.0,RB
Joshua Karty,239.0,K
Raheem Mostert,240.3,RB
Kyle Juszczyk,241.0,RB
Las Vegas Raiders,241.3,DST
Dawson Knox,241.5,TE
Calvin Austin III,242.0,WR
Alec Pierce,242.7,WR
DJ Giddens,243.7,RB
Will Shipley,244.3,RB
A.J. Dillon,245.0,RB
Zack Moss,245.3,RB
Miami Dolphins,245.3,DST
Kyle Monangai,246.0,RB
Graham Gano,248.0,K
Elijah Mitchell,248.7,RB
Cole Kmet,248.7,TE
Carolina Panthers,249.5,DST
Keaton Mitchell,249.7,RB
Russell Wilson,249.7,QB
Isaac TeSlaa,249.8,WR
New Orleans Saints,251.0,DST
Blake Grupe,251.0,K
Tank Dell,251.0,WR
Taysom Hill,251.3,TE
Justin Tucker,252.3,K
Jacksonville Jaguars,255.0,DST
Devin Singletary,257.0,RB
Andy Borregales,259.5,K
Ja'Tavion Sanders,260.0,TE
Noah Gray,261.3,TE
Tennessee Titans,261.3,DST
Jalen Nailor,263.0,WR
Kirk Cousins,263.0,QB
Jordan Travis,263.0,QB
Kendre Miller,263.5,RB
Woody Marks,265.0,RB
Trevor Etienne,265.3,RB
Dustin Hopkins,265.5,K
Jalen Milroe,267.3,QB
Ray-Ray McCloud III,268.0,WR
JuJu Smith-Schuster,268.5,WR
Tyler Higbee,268.7,TE
Antonio Gibson,270.0,RB
Ollie Gordon II,272.0,RB
Jimmy Horn Jr.,273.0,WR
Jahan Dotson,275.0,WR
Sean Tucker,275.5,RB
Andrei Iosivas,277.0,WR
Elic Ayomanor,277.5,WR
Dontayvion Wicks,278.5,WR
Joe Flacco,278.7,QB
KaVontae Turpin,279.0,WR
Kenneth Gainwell,279.0,RB
Darius Slayton,279.7,WR
Chad Ryland,281.0,K
John Samuel Shenker,281.0,TE
Juwan Johnson,281.5,TE
Mason Crosby,283.0,K
Tyler Conklin,283.5,TE
Brashard Smith,284.0,RB
Jalen Tolbert,284.0,WR
Jordan James,284.3,RB
Jacory Croskey-Merritt,284.8,RB
Darnell Washington,285.0,TE
Michael Wilson,285.7,WR
AJ Barner,286.5,TE
Pat Bryant,287.7,WR
Jaylin Noel,288.0,WR
Luke McCaffrey,288.0,WR
Diontae Johnson,288.0,WR
Luke Musgrave,289.0,TE
Ezekiel Elliott,290.0,RB
Terrance Ferguson,290.7,TE
Noah Fant,290.7,TE
Matt Barkley,291.0,QB
Hunter Renfrow,291.5,WR
Ben DiNucci,292.0,QB
Joey Slye,293.5,K
Gabe Nabers,295.0,RB
Tahj Brooks,295.3,RB
Andre Roberts,296.0,WR
Jalen Coker,296.5,WR
Tre Tucker,297.0,WR
Jaydon Mickens,298.0,WR
Kyle Shurmur,299.0,QB
Tim Patrick,300.0,WR
Emanuel Wilson,300.5,RB
Joe Milton III,301.0,QB
Nick Westbrook-Ikhine,301.0,WR
Tory Horton,302.0,WR
Godwin Igwebuike,302.0,RB
Jalen Royals,303.3,WR
Spencer Shrader,303.5,K
Dyami Brown,304.3,WR
Tyler Shough,305.0,QB
Brandin Cooks,305.0,WR
Dalvin Cook,305.0,RB
Adonai Mitchell,305.5,WR
Troy Franklin,306.3,WR
Nick Folk,306.5,K
Allen Lazard,307.0,WR
Ryan Fitzgerald,308.0,K
Tutu Atwell,308.5,WR
Grant Calcaterra,308.5,TE
Jalen Hurd,309.0,WR
Brock Wright,310.0,TE
Marquez Valdes-Scantling,310.5,WR
Will Dissly,311.0,TE
Daniel Jones,311.0,QB
Deonte Harty,312.0,WR
Nathan Rourke,312.0,QB
Amari Cooper,312.5,WR
Austin Hooper,312.5,TE
Christian Watson,316.0,WR
Elijah Moore,317.0,WR
Jameis Winston,318.0,QB
Parker Romo,319.0,K
Jakeem Grant Sr.,320.0,WR
DeWayne McBride,320.0,RB
Jarquez Hunter,320.7,RB
Jalen Guyton,322.0,WR
Harrison Mevis,323.0,K
Zamir White,323.0,RB
John Stephens Jr.,323.0,WR
Ty Johnson,325.0,RB
John Lovett,325.0,QB
Will Howard,325.5,QB
Odell Beckham Jr.,326.5,WR
Josh Oliver,328.0,TE
Tyree Mayfield,328.0,TE
Dameon Pierce,328.5,RB
Tanner McKee,329.5,QB
Mack Hollins,329.5,WR
Jake Bobo,331.5,WR
Julian Hill,331.5,TE
Jermar Jefferson,334.5,RB
Deshaun Watson,334.5,QB
Luke Schoonmaker,334.5,TE
Roman Wilson,335.3,WR
Carson Steele,335.5,RB
Michael Mayer,336.3,TE
Julio Jones,340.0,WR
Max Duggan,341.0,QB
Ty Chandler,341.5,RB
Kayshon Boutte,341.7,WR
Audric Estime,341.7,RB
Ja'Corey Brooks,343.0,WR
Devin Neal,345.3,RB
Joshua Dobbs,345.5,QB
Kalif Raymond,346.5,WR
Quinn Ewers,347.0,QB
J.J. Taylor,348.5,RB
Jordan Whittington,349.0,WR
Mason Rudolph,350.0,QB
Demarcus Robinson,350.0,WR
Donovan Peoples-Jones,352.0,WR
Theo Johnson,352.7,TE
Craig Reynolds,353.0,RB
Spencer Rattler,353.5,QB
Elijah Higgins,354.5,TE
Robert Woods,355.5,WR
Adam Trautman,356.0,TE
Leonard Fournette,356.0,RB
John Ross,357.0,WR
Harold Fannin Jr.,358.0,TE
LaJohntay Wester,359.5,WR
Matthew Wright,359.5,K
Ben Sinnott,361.5,TE
Mecole Hardman Jr.,363.0,WR
Noah Brown,363.0,WR
Deuce Vaughn,365.5,RB
KeAndre Lambert-Smith,366.0,WR
Malik Willis,367.0,QB
Sterling Shepard,367.0,WR
Greg Joseph,367.5,K
Andy Dalton,369.0,QB
Oronde Gadsden II,370.0,TE
Devaughn Vele,370.0,WR
Trey Lance,372.0,QB
Robbie Chosen,372.0,WR
Jude McAtamney,373.5,K
Hendon Hooker,373.5,QB
Mac Jones,375.5,QB
Ainias Smith,376.0,WR
Tommy DeVito,379.0,QB
Justin Watson,382.0,WR
Mitchell Trubisky,383.0,QB
Olamide Zaccheaus,383.0,WR
Darrell Henderson Jr.,386.0,RB
Clyde Edwards-Helaire,386.0,RB
Drew Lock,387.5,QB
Kadarius Toney,388.5,WR
Parker Washington,390.0,WR
Tylan Wallace,390.5,WR
Jermaine Burton,391.0,WR
Connor Heyward,391.5,TE
Curtis Samuel,392.0,WR
E.J. Jenkins,392.0,TE
Daniel Bellinger,392.5,TE
Brett Maher,394.0,K
Cooper Rush,395.0,QB
Jimmy Garoppolo,395.5,QB
Jalin Hyatt,396.5,WR
Mo Alie-Cox,396.5,TE
Carson Wentz,398.5,QB
Tommy Tremble,399.0,TE
C.J. Ham,400.0,RB
Xavier Restrepo,400.3,WR
Lil'Jordan Humphrey,400.5,WR
Jaren Hall,402.0,QB
Damien Martinez,403.5,RB
Jamari Thrash,404.0,WR
Kendrick Bourne,404.5,WR
David Moore,405.0,WR
Jermaine Jackson,405.0,WR
Tez Johnson,405.5,WR
Jarrett Stidham,406.0,QB
Jacob Kibodi,406.0,RB
D.J. Montgomery,407.5,WR
Patrick Ricard,409.0,RB
Michael Badgley,410.0,K
Equanimeous St. Brown,410.5,WR
Greg Dortch,412.0,WR
Austin Seibert,413.0,K
Darrynton Evans,414.0,RB
Van Jefferson,415.0,WR
Drew Sample,417.5,TE
Jaylin Lane,418.0,WR
Damien Harris,418.0,RB
Tyler Goodson,421.0,RB
Hassan Haskins,422.0,RB
Tai Felton,424.0,WR
John Metchie III,424.0,WR
Sincere McCormick,425.0,RB
Cade York,425.5,K
Khalil Herbert,426.0,RB
Marcus Mariota,426.0,QB
Anders Carlson,427.0,K
Aidan O'Connell,428.0,QB
Hunter Luepke,429.0,RB
Chris Brooks,430.0,RB
Zane Gonzalez,431.0,K
Jeremy McNichols,431.0,RB
Jacob Cowing,431.0,WR
Eddy Pineiro,433.0,K
Frank Gore Jr.,433.5,RB
Lenny Krieg,434.0,K
Cam Akers,435.0,RB
Randy Bullock,438.0,K
Michael Burton,438.0,RB
Jonathon Brooks,439.0,RB
Greg Zuerlein,439.5,K
Raheem Blackshear,440.0,RB
Tanner Brown,440.0,K
Julius Chestnut,440.5,RB
Henry Pearson,441.0,RB
Sione Vaki,443.5,RB
Colby Parkinson,446.0,TE
Brevin Jordan,447.0,TE
Aaron Shampklin,447.0,RB
Trey Sermon,449.0,RB
Tyler Badie,451.0,RB
Melvin Gordon,452.0,RB
Kenny Pickett,453.0,QB
Tyrion Davis-Price,454.0,RB
Israel Abanikanda,455.0,RB
George Holani,455.5,RB
Trey Palmer,456.0,WR
Josh Whyle,456.0,TE
Teddy Bridgewater,456.5,QB
Ben Sauls,457.0,K
Ryan Tannehill,458.0,QB
Nathan Peterman,459.0,QB
Brayden Narveson,460.0,K
KhaDarel Hodge,460.5,WR
Travis Homer,463.5,RB
Nate Adkins,464.0,TE
Cordarrelle Patterson,466.0,RB
Mitch Van Vooren,466.0,WR
Kenyan Drake,467.0,RB
Rasheen Ali,467.0,RB
Dorian Thompson-Robinson,467.5,QB
Patrick Taylor Jr.,469.0,RB
Jimmy Graham,469.0,TE
Ryan Flournoy,469.0,WR
Davis Allen,469.5,TE
Riley Leonard,470.0,QB
Malik Washington,471.0,WR
Savion Williams,472.0,WR
Lucky Jackson,472.0,WR
Charlie Smyth,472.0,K
Josh Johnson,473.0,QB
Anthony Brown Jr.,473.0,QB
Kimani Vidal,473.0,RB
Jack Stoll,473.5,TE
Desmond Ridder,474.0,QB
Kendall Milton,474.0,RB
Matt Ammendola,476.0,K
Jonathan Kim,477.0,K
Matt Prater,479.0,K
Matt Corral,479.0,QB
Jalen White,479.0,RB
Skyy Moore,479.5,WR
Taylor Heinicke,484.0,QB
Zach Wilson,485.0,QB
Jacoby Brissett,486.0,QB
Brandon Allen,488.0,QB
Gunner Olszewski,488.0,WR
Jamaal Williams,489.0,RB
Dare Ogunbowale,490.0,RB
Michael Gallup,491.0,WR
Cade Stover,491.5,TE
Charlie Kolar,492.0,TE
Dante Pettis,492.0,WR
Ian Thomas,495.0,TE
Christopher Dunn,495.0,K
SaRodorick Thompson Jr.,496.0,RB
Foster Moreau,497.0,TE
Riley Patterson,499.0,K
Isaiah Hodgins,499.0,WR
Armani Rogers,499.0,TE
Jake Browning,500.0,QB
Giovanni Ricci,500.0,TE
Harrison Bryant,501.0,TE
Erick All Jr.,502.0,TE
Jonathan Ward,502.0,RB
Mark McNamee,503.0,K
Gardner Minshew II,504.0,QB
Ryan Coe,504.0,K
Tim Jones,505.0,WR
Kenny Yeboah,506.0,TE
John Bates,506.5,TE
Kylen Granson,508.0,TE
Luke Farrell,509.0,TE
Ben Skowronek,510.0,WR
Caden Davis,510.5,K
Stetson Bennett IV,511.0,QB
Jaret Patterson,512.0,RB
Scotty Miller,513.0,WR
Kyle Allen,515.5,QB
Skylar Thompson,516.0,QB
Jalen Reagor,517.0,WR
Tyquan Thornton,517.0,WR
Tanner Hudson,517.5,TE
Sam Howell,518.0,QB
Avery Williams,519.0,RB
Kevin Austin Jr.,519.0,WR
Johnny Wilson,520.0,WR
Stone Smartt,520.0,TE
Justin Shorter,522.0,WR
Keith Kirkwood,522.5,WR
Zach Pascal,523.0,WR
Jonathan Mingo,523.0,WR
Tom Kennedy,523.5,WR
Terrace Marshall Jr.,524.0,WR
Tyson Bagent,525.0,QB
Xavier Hutchinson,526.0,WR
Derius Davis,527.0,WR
Donovan Edwards,527.5,RB
Payne Durham,528.0,TE
Devontez Walker,528.5,WR
Chris Rodriguez Jr.,529.0,RB
Jordan Mims,530.0,RB
Emari Demercado,531.0,RB
Winston Wright,532.0,WR
Malik Knowles,533.0,WR
Ryan Miller,534.0,WR
Efton Chism III,534.5,WR
Devin Duvernay,535.0,WR
Caden Prieskorn,535.0,TE
Darius Cooper,537.0,WR
Charlie Jones,537.5,WR
Jaheim Bell,539.0,TE
Ja'Lynn Polk,540.0,WR
Isaiah Davis,541.0,RB
Blake Watson,542.0,RB
Davis Mills,543.0,QB
Jabari Small,543.0,RB
Terique Owens,544.0,WR
Terrell Jennings,545.0,RB
Dillon Gabriel,546.0,QB
Brady Russell,546.5,TE
Phil Mafah,547.0,RB
Patrick Herbert,550.0,TE
Charlie Woerner,551.0,TE
Tre Watson,551.0,TE
Sam Ehlinger,552.0,QB
Cam Miller,553.0,QB
Isaiah Neyor,555.5,WR
Tyrod Taylor,556.0,QB
Drew Ogletree,560.0,TE
Nelson Agholor,560.0,WR
DeAndre Carter,561.0,WR
Laquon Treadwell,562.0,WR
Zay Jones,563.0,WR
Cornelius Johnson,563.5,WR
Eric Saubert,564.0,TE
Josh Reynolds,565.0,WR
Gavin Bartholomew,566.0,TE
Jamal Agnew,566.0,WR
Johnny Mundt,567.0,TE
Nick Mullens,569.0,QB
Pharaoh Brown,570.0,TE
Hayden Hurst,571.0,TE
Andy Isabella,571.5,WR
Kyle McCord,571.5,QB
John Kelly Jr.,572.0,RB
Anthony Miller,573.0,WR
Durham Smythe,574.0,TE
Jeff Wilson Jr.,575.0,RB
Gunnar Helm,575.5,TE
Ross Dwelley,576.0,TE
Braxton Berrios,577.0,WR
Louis Rees-Zammit,578.0,RB
Alec Ingold,580.0,RB
Mitchell Evans,581.5,TE
DJ Chark Jr.,582.0,WR
Kelvin Harmon,582.0,WR
Trayveon Williams,583.0,RB
Miles Boykin,584.0,WR
Ashton Dulin,586.0,WR
Amar Johnson,586.5,RB
Phillip Dorsett II,587.0,WR
Irv Smith Jr.,587.0,TE
Jakob Johnson,590.0,RB
Trenton Irwin,591.0,WR
Malik Taylor,592.0,WR
Steven Sims Jr.,593.0,WR
Jared Wiley,593.5,TE
Jordan Watkins,595.0,WR
Tyler Huntley,597.0,QB
James Proche II,598.0,WR
Bub Means,598.5,WR
Sean McKeon,599.0,TE
Nick Kallerup,601.0,TE
Quintez Cephus,602.0,WR
Jeremy Ruckert,602.5,TE
Cody White,603.0,WR
Trishton Jackson,604.0,WR
K.J. Osborn,605.0,WR
Laviska Shenault Jr.,605.5,WR
JaMycal Hasty,607.0,RB
DeeJay Dallas,609.0,RB
Dominic Lovett,610.0,WR
Tyler Johnson,610.0,WR
Mason Kinsey,611.0,WR
Tommy Mellott,611.5,QB
JJ Galbreath,612.0,TE
Dallin Holker,612.5,TE
Tarik Black,613.0,WR
Demetric Felton Jr.,616.0,RB
Dez Fitzpatrick,617.0,WR
Tyler Scott,617.5,WR
Zach Davidson,620.0,TE
Kawaan Baker,621.0,WR
Gary Brightwell,622.0,RB
Michael Carter,623.0,RB
Kyle Trask,625.0,QB
Ihmir Smith-Marsette,625.5,WR
Austin Trammell,627.0,WR
Shane Zylstra,629.0,TE
Trent Sherfield Sr.,629.5,WR
John FitzPatrick,630.0,TE
Rondale Moore,630.5,WR
Michael Woods,631.0,WR
Montrell Washington,632.0,WR
Treylon Burks,633.0,WR
Nick Muse,635.0,TE
Pierre Strong Jr.,636.0,RB
Bailey Zappe,637.0,QB
Zonovan Knight,638.0,RB
Britain Covey,639.0,WR
Bo Melton,640.0,WR
Justyn Ross,642.0,WR
Kendric Pryor,643.0,WR
Baylor Cupp,644.0,TE
Kaden Davis,644.0,WR
Brandon Johnson,645.0,WR
Seth Green,646.0,TE
Braylon Sanders,647.0,WR
Lucas Krull,648.0,TE
Jashaun Corbin,649.0,RB
Ronnie Rivers,650.0,RB
Tucker Fisk,651.0,TE
Isaiah Williams,652.0,WR
Jalen Brooks,653.0,WR
Sean Clifford,654.0,QB
Evan Hull,655.0,RB
Zach Evans,657.0,RB
Dresser Winn,658.0,QB
Xavier Smith,659.0,WR
D.J. Williams,660.0,RB
Jake Haener,660.0,QB
DJ Uiagalelei,662.0,QB
Ronnie Bell,664.0,WR
Brayden Willis,665.0,TE
Andre Szmyt,667.0,K
Malik Heath,668.0,WR
Zavier Scott,669.0,WR
Xavier Gipson,670.0,WR
Nikko Remigio,673.0,WR
Carlos Washington Jr.,674.0,RB
Shedrick Jackson,675.0,WR
Jalen Cropper,676.0,WR
Tyrone Broden,679.0,WR
Blake Whiteheart,680.0,TE
Thayer Thomas,681.0,WR
Johnny Lumpkin,682.0,TE
Tyrell Shavers,683.0,WR
Rakim Jarrett,684.0,WR
Kazmeir Allen,685.0,WR
Jase McClellan,686.0,RB
Casey Washington,687.0,WR
Devin Leary,688.0,QB
LeQuint Allen Jr.,689.5,RB
Tanner McLachlan,691.0,TE
Jawhar Jordan,692.0,RB
Keilan Robinson,693.0,RB
Dylan Laube,696.0,RB
Tahj Washington,697.0,WR
Javon Baker,698.0,WR
Dante Miller,700.0,RB
Malachi Corley,701.0,WR
Tip Reiman,703.0,TE
Devin Culp,704.0,TE
McCallan Castles,705.0,TE
Emani Bailey,706.0,RB
Austin Reed,707.0,QB
Mason Tipton,708.0,WR
David Martin-Robinson,709.0,TE
Bryce Oliver,710.0,WR
Tanner Mordecai,711.0,QB
Mason Pline,712.0,TE
Cody Schrader,713.0,RB
Sam Hartman,714.0,QB
Colson Yankoff,715.0,TE
Drake Stoops,716.0,WR
Geor'Quarius Spivey,717.0,TE
Alex Hale,718.0,K
Jahmal Banks,719.0,WR
Xavier Guillory,720.0,WR
Marcus Major Jr.,721.0,RB
Kayron Lynch-Adams,722.0,RB
Jahdae Walker,723.0,WR
Luke Floriea,724.0,WR
Rivaldo Fairweather,725.0,TE
Traeshon Holden,726.0,WR
Courtney Jackson,727.0,WR
Caleb Lohner,728.0,TE
Graham Mertz,733.0,QB
Maddux Trujillo,734.0,K
Ja'Quinden Jackson,735.0,RB
Elijhah Badger,736.0,WR
Jake Briningstool,737.0,TE
Elijah Young,738.0,RB
Tru Edwards,739.0,WR
Konata Mumpfield,740.0,WR
Silas Bolden,743.0,WR
Max Brosmer,744.0,QB
Ben Yurosek,745.0,TE
Brock Lampe,747.0,RB
Gee Scott Jr.,748.0,TE
Moochie Dixon,749.0,WR
Chris Tyree,750.0,RB
Marcus Yarns,751.0,RB
Dalen Cambre,752.0,WR
Beaux Collins,753.0,WR
Thomas Fidone II,754.0,TE
Brady Cook,755.0,QB
Arian Smith,757.0,WR
Nick Vannett,759.0,TE
Gerald Everett,760.0,TE
Robert Tonyan,761.0,TE
Mike White,763.0,QB
Cedrick Wilson Jr.,764.0,WR
Deon Cain,766.0,WR
Russell Gage Jr.,768.0,WR
John Wolford,770.0,QB
Will Grier,771.0,QB
Tyree Jackson,772.0,TE
Andrew Beck,773.0,TE
David Sills,775.0,WR
Matt Sokol,776.0,TE
Alex Bachman,777.0,WR
Collin Johnson,778.0,WR
Chase Claypool,780.0,WR
Salvon Ahmed,781.0,RB
Marquez Callaway,782.0,WR
Dominique Dafney,783.0,TE
Chris Blair,784.0,WR
Seth Williams,785.0,WR
Hunter Long,786.0,TE
Kene Nwangwu,787.0,RB
Dee Eskridge,790.0,WR
Feleipe Franks,791.0,QB
Michael Bandy,792.0,WR
Michael Jacobson,793.0,TE
Velus Jones Jr.,794.0,WR
Jake Tonges,795.0,TE
Greg Dulcich,796.0,TE
Samori Toure,797.0,WR
Teagan Quitoriano,798.0,TE
Jelani Woods,799.0,TE
Erik Ezukanma,800.0,WR
Irvin Charles,801.0,WR
Chris Oladokun,803.0,QB
Dareke Young,804.0,WR
Ko Kieft,805.0,TE
Zaire Mitchell-Paden,806.0,TE
Jalen Virgil,807.0,WR
Tanner Conner,808.0,TE
Lew Nichols III,810.0,RB
Ontaria Wilson,811.0,WR
Tanner Taula,812.0,TE
Jaden Smith,813.0,WR
Michael Pratt,814.0,QB
Jha'Quan Jackson,815.0,WR
Anthony Gould,816.0,WR
Brenden Rice,818.0,WR
Chris Collier,819.0,RB
Dayton Wade,820.0,WR
Messiah Swinson,821.0,TE
Julian Hicks,822.0,WR
JaQuae Jackson,824.0,WR
Xavier Johnson,825.0,WR
Jack Plummer,826.0,QB
Brenden Bates,827.0,TE
Ian Wheeler,828.0,RB
Cole Burgess,829.0,WR
Cam Grandy,830.0,TE
Brevyn Spann-Ford,831.0,TE
Thomas Yassmin,832.0,TE
Jason Bean,834.0,QB
Kedon Slovis,835.0,QB
Joshua Cephus,836.0,WR
Carter Bradley,838.0,QB
Jeshaun Jones,839.0,WR
Xavier Weaver,841.0,WR
John Jiles,842.0,WR
John Rhys Plumlee,843.0,QB
Kameron Johnson,844.0,WR
British Brooks,846.0,RB
Neal Johnson,847.0,TE
Hayden Rucci,848.0,TE
Jaelen Gill,849.0,WR
Kevin Foelsch,850.0,TE
Nick Nash,852.0,WR
Joshua Simon,853.0,TE
Lucas Scott,854.0,RB
Keleki Latu,856.0,TE
Deion Hankins,858.0,RB
Quali Conley,859.0,RB
Jamoi Mayes,860.0,WR
Payton Thorne,862.0,QB
Gage Larvadain,863.0,WR
Josh Kelly,864.0,WR
Tyler Neville,865.0,TE
Jerjuan Newton,866.0,WR
Kyrese Rowan,867.0,WR
Zach Horton,868.0,TE
Jakobie Keeney-James,869.0,WR
Jackson Meeks,870.0,WR
Anthony Tyus III,871.0,RB
Taylor Elgersma,872.0,QB
Drake Dabney,874.0,TE
Chimere Dike,875.0,WR
Kalel Mullings,876.0,RB
TJ Sheffield,877.0,WR
Ajou Ajou,878.0,WR
Ulysses Bentley IV,879.0,RB
Coleman Owen,880.0,WR
Landon Parker,881.0,WR
Cam Camper,883.0,WR
Seth Henigan,884.0,QB
Jimmy Holiday,885.0,WR
Brennan Presley,886.0,WR
Anthony Torres,887.0,TE
Ketron Jackson Jr.,888.0,WR
Andrew Armstrong,889.0,WR
Jalin Conyers,890.0,TE
AJ Henning,891.0,WR
Dontae Fleming,892.0,WR
Bryson Nesbit,893.0,TE
Myles Price,894.0,WR
Tre Stewart,895.0,RB
Ben Wooldridge,897.0,QB